{
 "epoch": 0,
 "test": {
  "loss": 1661.715513804437
 },
 "train": {
  "avg_steps": 6.958,
  "loss": 1057.281029850006
 }
}