{
 "epoch": 1,
 "test": {
  "loss": 3274.452486366389
 },
 "train": {
  "avg_steps": 7.598,
  "loss": 331.68546878051757
 }
}