{
 "epoch": 10,
 "test": {
  "loss": 778.1902789299601
 },
 "train": {
  "avg_steps": 7.676,
  "loss": 219.92241522693635
 }
}