{
 "epoch": 100,
 "test": {
  "loss": 10247.119888475836
 },
 "train": {
  "avg_steps": 3.742,
  "loss": 409.5840822219849
 }
}