{
 "epoch": 101,
 "test": {
  "loss": 2278.4992084409523
 },
 "train": {
  "avg_steps": 5.976,
  "loss": 311.7427651939392
 }
}