{
 "epoch": 102,
 "test": {
  "loss": 7247.520387369792
 },
 "train": {
  "avg_steps": 4.034,
  "loss": 441.3062696075439
 }
}