{
 "epoch": 103,
 "test": {
  "loss": 7292.972979844674
 },
 "train": {
  "avg_steps": 3.774,
  "loss": 451.4006953125
 }
}