{
 "epoch": 104,
 "test": {
  "loss": 7264.315657552083
 },
 "train": {
  "avg_steps": 4.11,
  "loss": 434.24736428833006
 }
}