{
 "epoch": 105,
 "test": {
  "loss": 7242.917531347201
 },
 "train": {
  "avg_steps": 4.65,
  "loss": 409.4515978012085
 }
}