{
 "epoch": 106,
 "test": {
  "loss": 5349.270476105925
 },
 "train": {
  "avg_steps": 5.64,
  "loss": 372.2462796020508
 }
}