{
 "epoch": 107,
 "test": {
  "loss": 4417.7248266089055
 },
 "train": {
  "avg_steps": 6.776,
  "loss": 321.31944313049314
 }
}