{
 "epoch": 108,
 "test": {
  "loss": 4000.323835817102
 },
 "train": {
  "avg_steps": 6.87,
  "loss": 361.08508839416504
 }
}