{
 "epoch": 109,
 "test": {
  "loss": 1247.5230855814616
 },
 "train": {
  "avg_steps": 7.062,
  "loss": 303.6811717300415
 }
}