{
 "epoch": 11,
 "test": {
  "loss": 907.7612438779888
 },
 "train": {
  "avg_steps": 8.126,
  "loss": 226.54891167545318
 }
}