{
 "epoch": 110,
 "test": {
  "loss": 3946.463764557366
 },
 "train": {
  "avg_steps": 7.38877755511022,
  "loss": 286.7784748421403
 }
}