{
 "epoch": 111,
 "test": {
  "loss": 3810.078527020867
 },
 "train": {
  "avg_steps": 6.136,
  "loss": 361.1794070205689
 }
}