{
 "epoch": 112,
 "test": {
  "loss": 3508.4557472216557
 },
 "train": {
  "avg_steps": 6.914,
  "loss": 332.9607903060913
 }
}