{
 "epoch": 113,
 "test": {
  "loss": 2602.960878992927
 },
 "train": {
  "avg_steps": 7.11,
  "loss": 312.91656195831297
 }
}