{
 "epoch": 114,
 "test": {
  "loss": 2923.199904131292
 },
 "train": {
  "avg_steps": 4.672,
  "loss": 426.6280868301392
 }
}