{
 "epoch": 115,
 "test": {
  "loss": 2717.7769281296505
 },
 "train": {
  "avg_steps": 5.714,
  "loss": 335.28252112197873
 }
}