{
 "epoch": 116,
 "test": {
  "loss": 1776.3593781861746
 },
 "train": {
  "avg_steps": 6.082,
  "loss": 292.53199104690555
 }
}