{
 "epoch": 117,
 "test": {
  "loss": 1245.878786200719
 },
 "train": {
  "avg_steps": 6.072,
  "loss": 311.0885130138397
 }
}