{
 "epoch": 118,
 "test": {
  "loss": 1942.6531802554027
 },
 "train": {
  "avg_steps": 5.574,
  "loss": 335.9073728599548
 }
}