{
 "epoch": 119,
 "test": {
  "loss": 1820.7851969185522
 },
 "train": {
  "avg_steps": 6.21,
  "loss": 278.3635858097076
 }
}