{
 "epoch": 12,
 "test": {
  "loss": 1766.536651147022
 },
 "train": {
  "avg_steps": 7.476,
  "loss": 221.39145961093902
 }
}