{
 "epoch": 120,
 "test": {
  "loss": 1226.6523037614493
 },
 "train": {
  "avg_steps": 6.424,
  "loss": 275.2474979734421
 }
}