{
 "epoch": 121,
 "test": {
  "loss": 952.9910922769727
 },
 "train": {
  "avg_steps": 6.176,
  "loss": 285.88918247795107
 }
}