{
 "epoch": 122,
 "test": {
  "loss": 1216.0409766110506
 },
 "train": {
  "avg_steps": 6.958,
  "loss": 259.1220617265701
 }
}