{
 "epoch": 123,
 "test": {
  "loss": 1899.9242182551204
 },
 "train": {
  "avg_steps": 5.902,
  "loss": 297.47475406837464
 }
}