{
 "epoch": 124,
 "test": {
  "loss": 4119.316730993669
 },
 "train": {
  "avg_steps": 5.196,
  "loss": 382.3904474849701
 }
}