{
 "epoch": 125,
 "test": {
  "loss": 1046.3651391725807
 },
 "train": {
  "avg_steps": 5.256,
  "loss": 354.8327889442444
 }
}