{
 "epoch": 126,
 "test": {
  "loss": 1090.0929667154949
 },
 "train": {
  "avg_steps": 6.264,
  "loss": 298.2663742427826
 }
}