{
 "epoch": 127,
 "test": {
  "loss": 1420.5071191940865
 },
 "train": {
  "avg_steps": 6.4,
  "loss": 280.8708681144714
 }
}