{
 "epoch": 128,
 "test": {
  "loss": 1098.3348200291764
 },
 "train": {
  "avg_steps": 6.68,
  "loss": 275.4213165578842
 }
}