{
 "epoch": 129,
 "test": {
  "loss": 2552.9774271150914
 },
 "train": {
  "avg_steps": 6.198,
  "loss": 287.7741573219299
 }
}