{
 "epoch": 13,
 "test": {
  "loss": 1234.108914252766
 },
 "train": {
  "avg_steps": 7.254509018036072,
  "loss": 251.64250689087984
 }
}