{
 "epoch": 130,
 "test": {
  "loss": 1219.9565277669676
 },
 "train": {
  "avg_steps": 5.812,
  "loss": 310.80164147090915
 }
}