{
 "epoch": 131,
 "test": {
  "loss": 1450.7252490063647
 },
 "train": {
  "avg_steps": 6.218,
  "loss": 292.6813718032837
 }
}