{
 "epoch": 132,
 "test": {
  "loss": 3781.144589812277
 },
 "train": {
  "avg_steps": 6.124,
  "loss": 307.4479782962799
 }
}