{
 "epoch": 133,
 "test": {
  "loss": 4507.391270068807
 },
 "train": {
  "avg_steps": 6.614,
  "loss": 254.5417221250534
 }
}