{
 "epoch": 134,
 "test": {
  "loss": 1703.3725859698127
 },
 "train": {
  "avg_steps": 7.188,
  "loss": 244.03397248840332
 }
}