{
 "epoch": 135,
 "test": {
  "loss": 2042.855556778169
 },
 "train": {
  "avg_steps": 7.148,
  "loss": 252.3891682844162
 }
}