{
 "epoch": 136,
 "test": {
  "loss": 1875.1836281360036
 },
 "train": {
  "avg_steps": 4.764,
  "loss": 404.8912495422363
 }
}