{
 "epoch": 137,
 "test": {
  "loss": 1814.5035400390625
 },
 "train": {
  "avg_steps": 5.254,
  "loss": 355.94291552734376
 }
}