{
 "epoch": 138,
 "test": {
  "loss": 1639.0418742140678
 },
 "train": {
  "avg_steps": 5.934,
  "loss": 311.75545864105226
 }
}