{
 "epoch": 139,
 "test": {
  "loss": 1477.4629471902047
 },
 "train": {
  "avg_steps": 5.032,
  "loss": 354.0083549594879
 }
}