{
 "epoch": 14,
 "test": {
  "loss": 1789.3179064215924
 },
 "train": {
  "avg_steps": 7.72,
  "loss": 219.2588260116577
 }
}