{
 "epoch": 140,
 "test": {
  "loss": 2013.5524670300183
 },
 "train": {
  "avg_steps": 6.924,
  "loss": 240.25401841163637
 }
}