{
 "epoch": 141,
 "test": {
  "loss": 3831.7908205189615
 },
 "train": {
  "avg_steps": 7.326,
  "loss": 222.31474532222748
 }
}