{
 "epoch": 142,
 "test": {
  "loss": 1803.4629115513392
 },
 "train": {
  "avg_steps": 7.51,
  "loss": 239.3141375951767
 }
}