{
 "epoch": 143,
 "test": {
  "loss": 1816.2416750151535
 },
 "train": {
  "avg_steps": 6.486,
  "loss": 252.35770293998718
 }
}