{
 "epoch": 144,
 "test": {
  "loss": 4831.91457802441
 },
 "train": {
  "avg_steps": 4.766,
  "loss": 405.32391484069825
 }
}