{
 "epoch": 145,
 "test": {
  "loss": 3426.415625
 },
 "train": {
  "avg_steps": 4.927855711422846,
  "loss": 357.4889219165565
 }
}