{
 "epoch": 146,
 "test": {
  "loss": 6196.280418847508
 },
 "train": {
  "avg_steps": 3.42,
  "loss": 507.3473134231567
 }
}