{
 "epoch": 147,
 "test": {
  "loss": 7744.606979856066
 },
 "train": {
  "avg_steps": 3.498,
  "loss": 494.8723328857422
 }
}