{
 "epoch": 148,
 "test": {
  "loss": 2262.911293269703
 },
 "train": {
  "avg_steps": 3.276,
  "loss": 496.5501660308838
 }
}