{
 "epoch": 149,
 "test": {
  "loss": 1745.8563034297283
 },
 "train": {
  "avg_steps": 4.65,
  "loss": 361.4136158294678
 }
}