{
 "epoch": 15,
 "test": {
  "loss": 1675.2827179953072
 },
 "train": {
  "avg_steps": 7.134,
  "loss": 231.97807260513306
 }
}