{
 "epoch": 150,
 "test": {
  "loss": 1497.1729907557974
 },
 "train": {
  "avg_steps": 3.004,
  "loss": 547.0863915405273
 }
}