{
 "epoch": 151,
 "test": {
  "loss": 1757.9352288701732
 },
 "train": {
  "avg_steps": 5.074,
  "loss": 389.8156133041382
 }
}