{
 "epoch": 152,
 "test": {
  "loss": 2586.96663058222
 },
 "train": {
  "avg_steps": 4.992,
  "loss": 370.8806807441711
 }
}