{
 "epoch": 153,
 "test": {
  "loss": 5134.509366788664
 },
 "train": {
  "avg_steps": 3.058,
  "loss": 518.2522995243072
 }
}