{
 "epoch": 154,
 "test": {
  "loss": 2356.513222652254
 },
 "train": {
  "avg_steps": 3.974,
  "loss": 411.73555144500733
 }
}