{
 "epoch": 155,
 "test": {
  "loss": 966.6046967989367
 },
 "train": {
  "avg_steps": 4.748,
  "loss": 400.38071098327634
 }
}