{
 "epoch": 156,
 "test": {
  "loss": 1361.918193337028
 },
 "train": {
  "avg_steps": 3.846,
  "loss": 478.7602019319534
 }
}