{
 "epoch": 157,
 "test": {
  "loss": 2352.361388545414
 },
 "train": {
  "avg_steps": 4.374,
  "loss": 439.0072735977173
 }
}