{
 "epoch": 158,
 "test": {
  "loss": 2008.594950815265
 },
 "train": {
  "avg_steps": 2.942,
  "loss": 539.97499168396
 }
}