{
 "epoch": 159,
 "test": {
  "loss": 4104.023136818106
 },
 "train": {
  "avg_steps": 4.258,
  "loss": 433.55548639678955
 }
}