{
 "epoch": 16,
 "test": {
  "loss": 1790.4333431120842
 },
 "train": {
  "avg_steps": 7.296,
  "loss": 224.31620662879945
 }
}