{
 "epoch": 160,
 "test": {
  "loss": 4415.394480076419
 },
 "train": {
  "avg_steps": 2.944,
  "loss": 592.6860722198486
 }
}