{
 "epoch": 161,
 "test": {
  "loss": 10049.10955373856
 },
 "train": {
  "avg_steps": 2.84,
  "loss": 599.8850016174316
 }
}