{
 "epoch": 162,
 "test": {
  "loss": 4205.788274688454
 },
 "train": {
  "avg_steps": 4.75,
  "loss": 420.5984366607666
 }
}