{
 "epoch": 163,
 "test": {
  "loss": 1885.8952848576316
 },
 "train": {
  "avg_steps": 4.352,
  "loss": 422.99706382751464
 }
}