{
 "epoch": 164,
 "test": {
  "loss": 7318.111501186709
 },
 "train": {
  "avg_steps": 3.588,
  "loss": 530.8497581787109
 }
}