{
 "epoch": 165,
 "test": {
  "loss": 8204.339041841948
 },
 "train": {
  "avg_steps": 3.962,
  "loss": 444.2021933670044
 }
}