{
 "epoch": 166,
 "test": {
  "loss": 2782.867732393569
 },
 "train": {
  "avg_steps": 4.266,
  "loss": 422.04752398681643
 }
}