{
 "epoch": 167,
 "test": {
  "loss": 2831.2812998507034
 },
 "train": {
  "avg_steps": 4.366,
  "loss": 376.4918807525635
 }
}