{
 "epoch": 168,
 "test": {
  "loss": 4428.12712097168
 },
 "train": {
  "avg_steps": 4.262,
  "loss": 637.5170658760071
 }
}