{
 "epoch": 169,
 "test": {
  "loss": 3859.996343353324
 },
 "train": {
  "avg_steps": 4.622,
  "loss": 512.3591765289307
 }
}