{
 "epoch": 17,
 "test": {
  "loss": 1885.342891438802
 },
 "train": {
  "avg_steps": 7.282565130260521,
  "loss": 243.30655060502474
 }
}