{
 "epoch": 170,
 "test": {
  "loss": 2600.7999424290015
 },
 "train": {
  "avg_steps": 4.296,
  "loss": 470.92559042358397
 }
}