{
 "epoch": 171,
 "test": {
  "loss": 6338.269699165724
 },
 "train": {
  "avg_steps": 5.024,
  "loss": 473.60902700042726
 }
}