{
 "epoch": 172,
 "test": {
  "loss": 8917.928895043546
 },
 "train": {
  "avg_steps": 3.064,
  "loss": 635.0794139404297
 }
}