{
 "epoch": 173,
 "test": {
  "loss": 2707.301486486676
 },
 "train": {
  "avg_steps": 2.9,
  "loss": 653.5221471252441
 }
}