{
 "epoch": 174,
 "test": {
  "loss": 1877.7442758806076
 },
 "train": {
  "avg_steps": 5.858,
  "loss": 360.07977564811705
 }
}