{
 "epoch": 175,
 "test": {
  "loss": 2845.0659674039744
 },
 "train": {
  "avg_steps": 6.176,
  "loss": 314.9176053981781
 }
}