{
 "epoch": 176,
 "test": {
  "loss": 2996.2588121802405
 },
 "train": {
  "avg_steps": 4.904,
  "loss": 359.194480594635
 }
}