{
 "epoch": 177,
 "test": {
  "loss": 2816.0342759106393
 },
 "train": {
  "avg_steps": 4.656,
  "loss": 506.12041386413574
 }
}