{
 "epoch": 178,
 "test": {
  "loss": 2696.5578701027353
 },
 "train": {
  "avg_steps": 4.54,
  "loss": 494.39274694061277
 }
}