{
 "epoch": 179,
 "test": {
  "loss": 7410.982830255682
 },
 "train": {
  "avg_steps": 2.462,
  "loss": 1226.776062324524
 }
}