{
 "epoch": 18,
 "test": {
  "loss": 1679.0571427055027
 },
 "train": {
  "avg_steps": 7.236,
  "loss": 217.51424575042725
 }
}