{
 "epoch": 180,
 "test": {
  "loss": 2281.5962641048964
 },
 "train": {
  "avg_steps": 2.66,
  "loss": 866.8299607315064
 }
}