{
 "epoch": 181,
 "test": {
  "loss": 3975.1885144137595
 },
 "train": {
  "avg_steps": 5.396,
  "loss": 364.7539342308044
 }
}