{
 "epoch": 182,
 "test": {
  "loss": 1453.7713214040266
 },
 "train": {
  "avg_steps": 5.766,
  "loss": 359.10125799179076
 }
}