{
 "epoch": 183,
 "test": {
  "loss": 1345.7151327767235
 },
 "train": {
  "avg_steps": 5.014,
  "loss": 424.8666920166016
 }
}