{
 "epoch": 184,
 "test": {
  "loss": 3493.514865630148
 },
 "train": {
  "avg_steps": 5.924,
  "loss": 339.6015247955322
 }
}