{
 "epoch": 185,
 "test": {
  "loss": 22169.05873823481
 },
 "train": {
  "avg_steps": 5.52,
  "loss": 359.9207094268799
 }
}