{
 "epoch": 186,
 "test": {
  "loss": 11807.66032995526
 },
 "train": {
  "avg_steps": 4.052,
  "loss": 424.89827145385743
 }
}