{
 "epoch": 187,
 "test": {
  "loss": 2275.406219916321
 },
 "train": {
  "avg_steps": 4.744,
  "loss": 430.13934350204465
 }
}