{
 "epoch": 188,
 "test": {
  "loss": 4598.601477315244
 },
 "train": {
  "avg_steps": 4.593186372745491,
  "loss": 420.03753282741934
 }
}