{
 "epoch": 189,
 "test": {
  "loss": 9620.18619480907
 },
 "train": {
  "avg_steps": 2.686,
  "loss": 1010.7999222869873
 }
}