{
 "epoch": 19,
 "test": {
  "loss": 1086.898136029557
 },
 "train": {
  "avg_steps": 7.916,
  "loss": 210.03615695762633
 }
}