{
 "epoch": 190,
 "test": {
  "loss": 7688.877064842209
 },
 "train": {
  "avg_steps": 1.644,
  "loss": 935.1180735168457
 }
}