{
 "epoch": 191,
 "test": {
  "loss": 5031.456360598645
 },
 "train": {
  "avg_steps": 4.22,
  "loss": 440.4528991394043
 }
}