{
 "epoch": 192,
 "test": {
  "loss": 3209.045386196595
 },
 "train": {
  "avg_steps": 3.59,
  "loss": 561.8991704406739
 }
}