{
 "epoch": 193,
 "test": {
  "loss": 3378.709729564927
 },
 "train": {
  "avg_steps": 1.366,
  "loss": 1282.4420626831054
 }
}