{
 "epoch": 194,
 "test": {
  "loss": 5920.845906513208
 },
 "train": {
  "avg_steps": 2.596,
  "loss": 778.6964027709961
 }
}