{
 "epoch": 195,
 "test": {
  "loss": 1880.855677698389
 },
 "train": {
  "avg_steps": 2.864,
  "loss": 653.3208836669921
 }
}