{
 "epoch": 196,
 "test": {
  "loss": 12818.831497215822
 },
 "train": {
  "avg_steps": 2.486,
  "loss": 729.0849756011963
 }
}