{
 "epoch": 197,
 "test": {
  "loss": 2869.5368314302887
 },
 "train": {
  "avg_steps": 2.686,
  "loss": 799.4002435607911
 }
}