{
 "epoch": 198,
 "test": {
  "loss": 1778.9521694032485
 },
 "train": {
  "avg_steps": 3.728,
  "loss": 518.7571074523926
 }
}