{
 "epoch": 199,
 "test": {
  "loss": 1911.9919445164396
 },
 "train": {
  "avg_steps": 4.208,
  "loss": 476.75241076660154
 }
}