{
 "epoch": 2,
 "test": {
  "loss": 1915.6243428164307
 },
 "train": {
  "avg_steps": 7.64,
  "loss": 341.305363817215
 }
}