{
 "epoch": 20,
 "test": {
  "loss": 3384.004483157641
 },
 "train": {
  "avg_steps": 5.516,
  "loss": 337.32236516571044
 }
}