{
 "epoch": 200,
 "test": {
  "loss": 1397.291084015675
 },
 "train": {
  "avg_steps": 4.822,
  "loss": 465.27886973571776
 }
}