{
 "epoch": 201,
 "test": {
  "loss": 1907.0826947907972
 },
 "train": {
  "avg_steps": 2.186,
  "loss": 867.0581133728027
 }
}