{
 "epoch": 202,
 "test": {
  "loss": 4193.069165182957
 },
 "train": {
  "avg_steps": 4.004,
  "loss": 545.9336868591308
 }
}