{
 "epoch": 203,
 "test": {
  "loss": 1349.6533968773115
 },
 "train": {
  "avg_steps": 3.76,
  "loss": 506.42994801330565
 }
}