{
 "epoch": 204,
 "test": {
  "loss": 5511.871274656947
 },
 "train": {
  "avg_steps": 4.95,
  "loss": 376.0272822265625
 }
}