{
 "epoch": 205,
 "test": {
  "loss": 11390.280119765228
 },
 "train": {
  "avg_steps": 3.026,
  "loss": 1162.3927122344971
 }
}