{
 "epoch": 206,
 "test": {
  "loss": 13941.675080128205
 },
 "train": {
  "avg_steps": 2.036,
  "loss": 1321.8623107910157
 }
}