{
 "epoch": 207,
 "test": {
  "loss": 9409.05521673387
 },
 "train": {
  "avg_steps": 1.28,
  "loss": 1597.104438598633
 }
}