{
 "epoch": 208,
 "test": {
  "loss": 4926.232028671617
 },
 "train": {
  "avg_steps": 3.822,
  "loss": 511.0238733215332
 }
}