{
 "epoch": 209,
 "test": {
  "loss": 11727.331198385886
 },
 "train": {
  "avg_steps": 3.704,
  "loss": 538.6863604736328
 }
}