{
 "epoch": 21,
 "test": {
  "loss": 2876.7123153087236
 },
 "train": {
  "avg_steps": 7.44,
  "loss": 227.73464021301268
 }
}