{
 "epoch": 210,
 "test": {
  "loss": 6070.767143739704
 },
 "train": {
  "avg_steps": 2.426,
  "loss": 687.2836774597168
 }
}