{
 "epoch": 22,
 "test": {
  "loss": 974.7895839058574
 },
 "train": {
  "avg_steps": 7.83,
  "loss": 230.49368413448335
 }
}