{
 "epoch": 23,
 "test": {
  "loss": 2160.573443592043
 },
 "train": {
  "avg_steps": 7.604,
  "loss": 221.48400797843934
 }
}