{
 "epoch": 24,
 "test": {
  "loss": 2911.916051916174
 },
 "train": {
  "avg_steps": 7.7,
  "loss": 216.44522124958038
 }
}