{
 "epoch": 25,
 "test": {
  "loss": 1095.4477092355921
 },
 "train": {
  "avg_steps": 7.352,
  "loss": 239.1841713657379
 }
}