{
 "epoch": 26,
 "test": {
  "loss": 2718.877087696489
 },
 "train": {
  "avg_steps": 7.994,
  "loss": 201.45353602409364
 }
}