{
 "epoch": 27,
 "test": {
  "loss": 2313.565234410624
 },
 "train": {
  "avg_steps": 7.85,
  "loss": 232.8391837749481
 }
}