{
 "epoch": 28,
 "test": {
  "loss": 1300.735960802311
 },
 "train": {
  "avg_steps": 7.266,
  "loss": 254.73378742980958
 }
}