{
 "epoch": 29,
 "test": {
  "loss": 2306.085750086167
 },
 "train": {
  "avg_steps": 7.722,
  "loss": 227.13911992549896
 }
}