{
 "epoch": 3,
 "test": {
  "loss": 3349.308469665326
 },
 "train": {
  "avg_steps": 7.62,
  "loss": 344.6718763189316
 }
}