{
 "epoch": 30,
 "test": {
  "loss": 4699.765646664356
 },
 "train": {
  "avg_steps": 6.204,
  "loss": 321.927212430954
 }
}