{
 "epoch": 31,
 "test": {
  "loss": 1910.7828156038752
 },
 "train": {
  "avg_steps": 7.786,
  "loss": 233.8797027645111
 }
}