{
 "epoch": 32,
 "test": {
  "loss": 959.6089629264875
 },
 "train": {
  "avg_steps": 7.566,
  "loss": 233.91554016304016
 }
}