{
 "epoch": 33,
 "test": {
  "loss": 2143.075730843188
 },
 "train": {
  "avg_steps": 7.426,
  "loss": 236.42204929590224
 }
}