{
 "epoch": 34,
 "test": {
  "loss": 692.2334404953388
 },
 "train": {
  "avg_steps": 7.584,
  "loss": 237.00910557174683
 }
}