{
 "epoch": 35,
 "test": {
  "loss": 5210.496069026899
 },
 "train": {
  "avg_steps": 6.59,
  "loss": 258.19820350551606
 }
}