{
 "epoch": 36,
 "test": {
  "loss": 916.4414034359785
 },
 "train": {
  "avg_steps": 7.29,
  "loss": 263.69499384498596
 }
}