{
 "epoch": 37,
 "test": {
  "loss": 802.6383788990946
 },
 "train": {
  "avg_steps": 7.452905811623246,
  "loss": 224.2706141529198
 }
}