{
 "epoch": 38,
 "test": {
  "loss": 1584.6737881590989
 },
 "train": {
  "avg_steps": 7.908,
  "loss": 222.40456456470488
 }
}