{
 "epoch": 39,
 "test": {
  "loss": 3485.2811548545333
 },
 "train": {
  "avg_steps": 4.962,
  "loss": 336.7531317977905
 }
}