{
 "epoch": 4,
 "test": {
  "loss": 1152.5875581958298
 },
 "train": {
  "avg_steps": 7.016,
  "loss": 438.08542411518096
 }
}