{
 "epoch": 40,
 "test": {
  "loss": 1503.9569768353927
 },
 "train": {
  "avg_steps": 7.574,
  "loss": 235.28265072822572
 }
}