{
 "epoch": 41,
 "test": {
  "loss": 1221.2474154197564
 },
 "train": {
  "avg_steps": 5.212424849699399,
  "loss": 311.49574716487723
 }
}