{
 "epoch": 42,
 "test": {
  "loss": 526.6031823970345
 },
 "train": {
  "avg_steps": 7.846,
  "loss": 224.2629112262726
 }
}