{
 "epoch": 43,
 "test": {
  "loss": 1759.1002462357021
 },
 "train": {
  "avg_steps": 8.092,
  "loss": 210.04869849681853
 }
}