{
 "epoch": 44,
 "test": {
  "loss": 2765.6983290105727
 },
 "train": {
  "avg_steps": 6.124,
  "loss": 291.55559685516357
 }
}