{
 "epoch": 45,
 "test": {
  "loss": 2983.7132509832513
 },
 "train": {
  "avg_steps": 5.514,
  "loss": 377.03071693992615
 }
}