{
 "epoch": 46,
 "test": {
  "loss": 1343.2230698826395
 },
 "train": {
  "avg_steps": 7.642,
  "loss": 254.37589114379884
 }
}