{
 "epoch": 47,
 "test": {
  "loss": 1726.434083318136
 },
 "train": {
  "avg_steps": 7.628,
  "loss": 249.64200081157685
 }
}