{
 "epoch": 48,
 "test": {
  "loss": 2825.5789604313745
 },
 "train": {
  "avg_steps": 3.86,
  "loss": 496.7241249628067
 }
}