{
 "epoch": 49,
 "test": {
  "loss": 563.8918358750869
 },
 "train": {
  "avg_steps": 4.172,
  "loss": 410.5876459159851
 }
}