{
 "epoch": 5,
 "test": {
  "loss": 1197.1310963750218
 },
 "train": {
  "avg_steps": 7.746,
  "loss": 347.1044095115662
 }
}