{
 "epoch": 50,
 "test": {
  "loss": 2475.316941664483
 },
 "train": {
  "avg_steps": 7.06,
  "loss": 236.4662237739563
 }
}