{
 "epoch": 51,
 "test": {
  "loss": 3680.6412109375
 },
 "train": {
  "avg_steps": 6.766,
  "loss": 250.90135096931456
 }
}