{
 "epoch": 52,
 "test": {
  "loss": 1114.280985514323
 },
 "train": {
  "avg_steps": 6.976,
  "loss": 236.2773030986786
 }
}