{
 "epoch": 53,
 "test": {
  "loss": 640.7345746975501
 },
 "train": {
  "avg_steps": 8.32,
  "loss": 207.09345580768584
 }
}