{
 "epoch": 54,
 "test": {
  "loss": 1056.7675111972958
 },
 "train": {
  "avg_steps": 7.988,
  "loss": 203.3947389345169
 }
}