{
 "epoch": 55,
 "test": {
  "loss": 1017.3801088487174
 },
 "train": {
  "avg_steps": 8.064,
  "loss": 196.92545929193497
 }
}