{
 "epoch": 56,
 "test": {
  "loss": 4472.565152729601
 },
 "train": {
  "avg_steps": 6.65,
  "loss": 264.0642339916229
 }
}