{
 "epoch": 57,
 "test": {
  "loss": 694.9246684381259
 },
 "train": {
  "avg_steps": 7.336,
  "loss": 220.5035656900406
 }
}