{
 "epoch": 58,
 "test": {
  "loss": 1215.6391827708696
 },
 "train": {
  "avg_steps": 7.968,
  "loss": 212.72935998535155
 }
}