{
 "epoch": 59,
 "test": {
  "loss": 1243.6082396215322
 },
 "train": {
  "avg_steps": 8.434,
  "loss": 208.4869292011261
 }
}