{
 "epoch": 6,
 "test": {
  "loss": 2483.36815150917
 },
 "train": {
  "avg_steps": 7.554,
  "loss": 310.17067176246644
 }
}