{
 "epoch": 60,
 "test": {
  "loss": 886.7599740316339
 },
 "train": {
  "avg_steps": 8.252,
  "loss": 213.29209187984466
 }
}