{
 "epoch": 61,
 "test": {
  "loss": 865.6999086826405
 },
 "train": {
  "avg_steps": 7.512,
  "loss": 223.76900577402114
 }
}