{
 "epoch": 62,
 "test": {
  "loss": 1587.1771177974433
 },
 "train": {
  "avg_steps": 7.744,
  "loss": 217.63505014705657
 }
}