{
 "epoch": 63,
 "test": {
  "loss": 1645.5487403100776
 },
 "train": {
  "avg_steps": 6.822,
  "loss": 253.00901401519775
 }
}