{
 "epoch": 64,
 "test": {
  "loss": 1239.4691860465116
 },
 "train": {
  "avg_steps": 8.15,
  "loss": 205.3138759326935
 }
}