{
 "epoch": 65,
 "test": {
  "loss": 6474.880029579119
 },
 "train": {
  "avg_steps": 6.174,
  "loss": 326.0322400379181
 }
}