{
 "epoch": 66,
 "test": {
  "loss": 1542.3058498310593
 },
 "train": {
  "avg_steps": 6.798,
  "loss": 267.88531242370607
 }
}