{
 "epoch": 67,
 "test": {
  "loss": 1135.2049153645833
 },
 "train": {
  "avg_steps": 7.79,
  "loss": 226.67684312725066
 }
}