{
 "epoch": 68,
 "test": {
  "loss": 1919.5793489084724
 },
 "train": {
  "avg_steps": 8.062,
  "loss": 211.49322858333588
 }
}