{
 "epoch": 69,
 "test": {
  "loss": 1450.8281717824411
 },
 "train": {
  "avg_steps": 7.888,
  "loss": 213.907635304451
 }
}