{
 "epoch": 7,
 "test": {
  "loss": 3867.7867490310077
 },
 "train": {
  "avg_steps": 7.824,
  "loss": 309.84653147125243
 }
}