{
 "epoch": 70,
 "test": {
  "loss": 1712.1026074292065
 },
 "train": {
  "avg_steps": 8.038,
  "loss": 208.83094019412994
 }
}