{
 "epoch": 71,
 "test": {
  "loss": 956.1794032806631
 },
 "train": {
  "avg_steps": 6.278,
  "loss": 339.5080774822235
 }
}