{
 "epoch": 72,
 "test": {
  "loss": 1288.4550536888232
 },
 "train": {
  "avg_steps": 6.882,
  "loss": 273.24170750808713
 }
}