{
 "epoch": 73,
 "test": {
  "loss": 2075.3816044302166
 },
 "train": {
  "avg_steps": 7.594,
  "loss": 232.886207157135
 }
}