{
 "epoch": 74,
 "test": {
  "loss": 2491.5951897798836
 },
 "train": {
  "avg_steps": 7.566,
  "loss": 229.4755290441513
 }
}