{
 "epoch": 75,
 "test": {
  "loss": 1732.2592527336544
 },
 "train": {
  "avg_steps": 8.272,
  "loss": 207.90020661115648
 }
}