{
 "epoch": 76,
 "test": {
  "loss": 2900.692911335573
 },
 "train": {
  "avg_steps": 6.914,
  "loss": 256.83748834991457
 }
}