{
 "epoch": 77,
 "test": {
  "loss": 2029.057404240311
 },
 "train": {
  "avg_steps": 6.408,
  "loss": 291.40091652488707
 }
}