{
 "epoch": 78,
 "test": {
  "loss": 1033.7882740192128
 },
 "train": {
  "avg_steps": 7.798,
  "loss": 230.01233092164992
 }
}