{
 "epoch": 79,
 "test": {
  "loss": 1343.3181443359374
 },
 "train": {
  "avg_steps": 7.33,
  "loss": 250.55876445102692
 }
}