{
 "epoch": 8,
 "test": {
  "loss": 7421.735038041429
 },
 "train": {
  "avg_steps": 6.488,
  "loss": 839.5690314416886
 }
}