{
 "epoch": 80,
 "test": {
  "loss": 6772.160714426348
 },
 "train": {
  "avg_steps": 7.082,
  "loss": 255.67558093452453
 }
}