{
 "epoch": 81,
 "test": {
  "loss": 2279.75190052516
 },
 "train": {
  "avg_steps": 6.096,
  "loss": 281.2560307073593
 }
}