{
 "epoch": 82,
 "test": {
  "loss": 1686.374503670158
 },
 "train": {
  "avg_steps": 7.85,
  "loss": 227.0283858423233
 }
}