{
 "epoch": 83,
 "test": {
  "loss": 1340.6590612774667
 },
 "train": {
  "avg_steps": 7.152304609218437,
  "loss": 272.69029736948875
 }
}