{
 "epoch": 84,
 "test": {
  "loss": 1165.2154922362495
 },
 "train": {
  "avg_steps": 8.404,
  "loss": 221.04245480918885
 }
}