{
 "epoch": 85,
 "test": {
  "loss": 2021.1746665713395
 },
 "train": {
  "avg_steps": 7.71,
  "loss": 243.32703786468505
 }
}