{
 "epoch": 86,
 "test": {
  "loss": 1170.4150280913045
 },
 "train": {
  "avg_steps": 7.546,
  "loss": 232.83340280723573
 }
}