{
 "epoch": 87,
 "test": {
  "loss": 2751.1281459915303
 },
 "train": {
  "avg_steps": 8.392,
  "loss": 203.45163006305694
 }
}