{
 "epoch": 88,
 "test": {
  "loss": 1564.8090844128396
 },
 "train": {
  "avg_steps": 8.648,
  "loss": 212.22804443264008
 }
}