{
 "epoch": 89,
 "test": {
  "loss": 5562.844445977127
 },
 "train": {
  "avg_steps": 7.266,
  "loss": 260.84785711860656
 }
}