{
 "epoch": 9,
 "test": {
  "loss": 2589.8452548947425
 },
 "train": {
  "avg_steps": 7.406,
  "loss": 226.6327946510315
 }
}