{
 "epoch": 90,
 "test": {
  "loss": 5477.466804143635
 },
 "train": {
  "avg_steps": 2.952,
  "loss": 470.04635899353025
 }
}