{
 "epoch": 91,
 "test": {
  "loss": 782.1295117177378
 },
 "train": {
  "avg_steps": 5.326,
  "loss": 326.10843911743166
 }
}