{
 "epoch": 92,
 "test": {
  "loss": 830.4321120263754
 },
 "train": {
  "avg_steps": 8.156,
  "loss": 243.269785697937
 }
}