{
 "epoch": 93,
 "test": {
  "loss": 1031.1047015533222
 },
 "train": {
  "avg_steps": 7.726,
  "loss": 244.65047628021242
 }
}