{
 "epoch": 94,
 "test": {
  "loss": 791.4358527400113
 },
 "train": {
  "avg_steps": 8.552,
  "loss": 198.94863949489593
 }
}