{
 "epoch": 95,
 "test": {
  "loss": 4657.058620339573
 },
 "train": {
  "avg_steps": 4.368,
  "loss": 359.7160920448303
 }
}