{
 "epoch": 96,
 "test": {
  "loss": 969.6527460456371
 },
 "train": {
  "avg_steps": 6.332,
  "loss": 297.0731292076111
 }
}