{
 "epoch": 97,
 "test": {
  "loss": 899.2876002720424
 },
 "train": {
  "avg_steps": 7.318,
  "loss": 263.4302052459717
 }
}