{
 "epoch": 98,
 "test": {
  "loss": 1752.4852508859535
 },
 "train": {
  "avg_steps": 7.812,
  "loss": 225.372324174881
 }
}