{
 "epoch": 99,
 "test": {
  "loss": 4259.1153221193845
 },
 "train": {
  "avg_steps": 5.584,
  "loss": 351.9619535140991
 }
}