{
 "epoch": 0,
 "test": {
  "loss": 0.5014746723068746
 },
 "train": {
  "avg_steps": 3.457644110275689,
  "loss": 0.6493886624367518
 }
}