{
 "epoch": 1,
 "test": {
  "loss": 0.9039888097168747
 },
 "train": {
  "avg_steps": 3.8825301204819276,
  "loss": 0.6222762130776488
 }
}