{
 "epoch": 2,
 "test": {
  "loss": 0.47179755653724426
 },
 "train": {
  "avg_steps": 3.9659318637274548,
  "loss": 0.5521175373824407
 }
}