{
 "epoch": 3,
 "test": {
  "loss": 0.3946009958013273
 },
 "train": {
  "avg_steps": 4.108324974924774,
  "loss": 0.5553620541364487
 }
}