{
 "epoch": 4,
 "test": {
  "loss": 0.6768213380695838
 },
 "train": {
  "avg_steps": 4.1077694235588975,
  "loss": 0.5419696209742997
 }
}