{
 "epoch": 5,
 "test": {
  "loss": 0.7770732817904906
 },
 "train": {
  "avg_steps": 5.86,
  "loss": 0.6701125205902677
 }
}